姓名,地址,手机号
李兰英,安徽省燕县山亭杨路N座 724644,18605817389
孔丹,湖南省长沙县高明萧路p座 284503,13141071857
刘桂荣,广西壮族自治区马鞍山县南湖邯郸路t座 382234,14537578026
陈波,湖北省欣县花溪余路F座 273967,13845320509
苏洁,河北省凤兰市南溪贺路C座 305017,13039591081
李杰,重庆市张家港县静安大冶街w座 442263,13711710701
杨志强,新疆维吾尔自治区东县城北韩路C座 850384,14790450620
刘佳,西藏自治区合山市牧野陈路e座 535750,15812107194
张建华,山东省秀珍市海陵王路v座 932847,13947654979
杨兰英,黑龙江省桂英市南溪惠州街o座 265447,15876594830
喻雷,河北省华县南溪王街N座 714185,15333848992
刘明,安徽省雪市浔阳济南路Q座 191134,13631256121
黎淑英,上海市俊县梁平太原路y座 987562,18048308191
李倩,湖南省凤兰县南溪郑州路o座 840572,15199501158
赖秀兰,湖南省慧市江北潜江路B座 101965,13340091661
郭秀云,黑龙江省晨市梁平梧州街m座 637521,15584989057
詹洋,天津市深圳县魏都朱街p座 393352,15806368172
屈博,湖南省合肥市东城周路d座 361336,14781355281
位坤,重庆市柳州县高坪张路h座 571903,15842741130
赵瑜,湖南省波县白云包街H座 766800,18992722124
娄雪,江苏省哈尔滨县浔阳惠州街T座 401825,13088290318
金明,山西省天津市华龙覃街n座 119671,13789932579
辛莉,青海省建市长寿王街K座 264862,18692100809
姚雪,浙江省澳门市朝阳张街S座 583939,13654763676
杨军,湖北省柳县闵行合山街W座 800153,14552119760
王飞,青海省超市花溪班街d座 318286,15363800109
孙志强,浙江省北镇县东城王路e座 720098,18897752523
谢柳,福建省马鞍山市南长梁路j座 627718,13971940842
董飞,河北省巢湖县白云胡路B座 987772,15524583454
唐建国,四川省西宁市花溪银川街g座 638333,15829890706
韩娜,北京市凤英县友好马街k座 970968,18988035041
万晶,天津市宇市锡山荆门路e座 124593,14563441931
林楠,甘肃省桂英县徐汇巢湖街B座 813506,18588346105
颜涛,甘肃省艳县高港石家庄街F座 740340,18112511156
张欣,山西省莉市安次杨路a座 116211,18189950915
刘玉珍,陕西省广州市合川南京街f座 301091,18140965521
陈娜,台湾省合山县清城萧路b座 895090,15004250585
何军,江西省秀英县长寿阜新街m座 403793,13400340620
王荣,新疆维吾尔自治区慧市丰都济南街O座 430673,15781320349
刘淑兰,陕西省哈尔滨县长寿李路Q座 539081,14759513722
王平,浙江省红梅市友好东莞路Z座 191186,13731366180
刘柳,陕西省娟县朝阳罗街o座 402746,18198527670
吴颖,贵州省秀英县龙潭赵路M座 168521,15713489015
邓佳,吉林省兴安盟市崇文罗路N座 325108,18271184709
甘莹,重庆市伟县璧山宁德街V座 645244,15347111809
周旭,澳门特别行政区丽娟市魏都关岭路Q座 741518,18115638933
李桂香,陕西省六安县城北海门路k座 489878,13802133866
李芳,云南省巢湖市东丽阜新路s座 537204,18264407948
刘娜,吉林省北京县平山温路V座 449338,18139055990
毛秀华,内蒙古自治区广州市崇文张路P座 151643,15294967375
兰慧,天津市洁县房山陈路G座 180041,13634551470
黄秀珍,陕西省丹丹市淄川邹街R座 793613,18509735998
刘林,河南省北镇市清河哈尔滨路W座 755411,18685048994
李涛,浙江省洋县清城海口街h座 185669,13521224331
耿亮,重庆市瑞市璧山曹路G座 456647,15999437990
李小红,广东省秀荣县白云黄街B座 950911,18212147595
周萍,黑龙江省哈尔滨市江北贵阳街B座 237033,15341489240
邢淑华,江苏省石家庄县华龙乌鲁木齐街y座 135414,13290615014
李桂兰,贵州省欢县华龙郑州路J座 829427,15229902104
尹燕,浙江省秀兰县城北刘路A座 327286,18151817144
魏建国,北京市哈尔滨县花溪张街m座 507706,15765193564
尹玉华,贵州省拉萨市沙市赵街f座 702636,15010947248
唐雪梅,山西省淑兰县魏都辛集街o座 216340,15210130781
辛玉梅,香港特别行政区宜都县合川宁德街C座 621601,15011181802
胡瑜,山西省丹市白云陈路p座 868825,14531172587
李璐,山西省乌鲁木齐县秀英西安路f座 977719,15691590338
林波,澳门特别行政区梧州市大兴武汉街R座 410148,13153369084
刘萍,青海省欣市西峰胡路f座 319732,13584918605
梁旭,江西省台北县沈河台北路o座 707752,15739375253
盛金凤,香港特别行政区霞县秀英夏街B座 503907,18208983335
黄玉华,黑龙江省嘉禾市兴山通辽路m座 776088,13539757362
祝海燕,海南省潜江市东城刘街G座 145642,13252049166
刘艳,河南省琴市南湖时街F座 122320,15880235016
成娟,辽宁省沈阳市东城刘路Y座 671330,13798526271
高瑞,河北省红市永川秦路j座 868471,14756821832
徐秀云,台湾省银川市静安董路h座 944811,18010422773
王云,贵州省济南市永川冯路q座 634119,15969176264
梁雷,吉林省沈阳市高明梁路b座 188905,13060394254
李秀梅,河北省南京市梁平邓路p座 628317,13846689743
张凯,湖北省桂英市大东王街L座 452578,13967781699
汪辉,河南省慧县安次六安街y座 301543,15254510610
邓桂兰,湖北省台北县怀柔赵路n座 139391,18094229977
梁凤兰,内蒙古自治区婷婷县江北赵路R座 961269,15791769824
戴玲,辽宁省荆门市和平葛街J座 132421,14529202220
张博,四川省潜江市孝南欧路Q座 608103,18636297353
杨鑫,福建省沈阳县城东冯路C座 120211,13336921609
兰志强,陕西省海门市清浦宁德路N座 328670,15628247906
程雷,四川省张家港县东丽冯街H座 624658,13012419018
王艳,天津市柳州县朝阳李路n座 843435,13690750751
蔡晨,吉林省阳县清河张路c座 831504,13315719007
唐秀华,上海市亮市锡山刘路D座 367346,18887869585
孟飞,甘肃省金凤市翔安西安路V座 696417,13235343366
曲娜,重庆市兴安盟市普陀贵阳路Y座 430626,13283803107
陈丽华,澳门特别行政区通辽市友好六安路I座 313853,13895380058
冯勇,吉林省兰英县东城严路W座 343253,15375264278
林雪梅,青海省呼和浩特市孝南韩街E座 590786,18837339879
苏东,澳门特别行政区南京市魏都董路F座 158740,13021444379
程桂兰,山东省杭州市沈北新关岭路U座 368607,15781153363
王莹,内蒙古自治区合山县海港海口街F座 838264,13081376660
曹红霞,河南省惠州县蓟州重庆路A座 478706,18266782372
